group,feature,1. Calc Fluor,2. Calc Phos,3. Ferrum Phos,4. Kali Mur,5. Kali Phos,6. Kali Sulph,7. Mag Phos,8. Nat Mur,9. Nat Phos,10. Nat Sulph,11. Silicea,12. Calc Sulph
Tissue affinity,"Bone surface, tooth enamel, elastic fibres",AB,,,,,,,,,,,
Tissue affinity,"Bones, teeth, growth, new cell formation",,AB,,,,,,,,,,
Tissue affinity,"Blood (oxygen carrier), muscle walls of vessels",,,AB,,,,,,,,,
Tissue affinity,Fibrin; mucous membranes; glands,,,,AB,,,,,,,,
Tissue affinity,Brain and nerves (nutrition of nerve tissue),,,,,AB,,,,,,,
Tissue affinity,Skin surface (epidermis) and linings (epithelium),,,,,,AB,,,,,,
Tissue affinity,Nerves and muscles (contraction / spasm),,,,,,,AB,,,,,
Tissue affinity,Water distribution in tissues; mucus,,,,,,,,AB,,,,
Tissue affinity,Acid balance (lactic & uric acid); fat digestion,,,,,,,,,AB,,,
Tissue affinity,"Removal of excess water; liver, bile, kidneys",,,,,,,,,,AB,,
Tissue affinity,"Connective tissue, skin, hair, nails",,,,,,,,,,,AB,
Tissue affinity,Suppuration / healing of discharging wounds,,,,,,,,,,,AB,B
Inflammation stage,"1st stage: redness, heat, throbbing, fever onset, no discharge yet",,,AB,,,,,,,,,
Inflammation stage,"2nd stage: swelling, white/grey fibrinous exudation",,,,AB,,,,,,,,
Inflammation stage,"3rd stage: yellow discharge, peeling / desquamation",,,,,,AB,,,,,,
Inflammation stage,Inflamed skin/tissue before pus forms (phlegmonous),,,,,,,,,AB,,,
Inflammation stage,Pus forming; abscess needs to ripen / come to a head,,,,,,,,,,,AB,
Inflammation stage,"Pus with an outlet; discharge goes on too long, slow to heal",,,,,,,,,,,,B
Inflammation stage,Discharge turns foul / septic / gangrenous,,,,,AB,,,,,,,
Inflammation stage,Hard lump (induration) left behind,AB,,,,,,,,,,,
Discharge,"Clear, watery, transparent, frothy (like raw egg-white / boiled starch)",,,,,,,,AB,,,,
Discharge,"Albuminous, like white of egg (not watery)",,AB,,,,,,,,,,
Discharge,"Thick, white, fibrinous, milky",,,,AB,,,,,,,,
Discharge,"Yellow, slimy (sometimes watery)",,,,,,AB,,,,,,
Discharge,"Golden-yellow, creamy, honey-coloured",,,,,,,,,AB,,,
Discharge,Green / yellowish-green,,,,,,B,,,,AB,B,
Discharge,Thick yellow pus,,,,,,,,,A,,AB,B
Discharge,"Thick, yellow, lumpy (Calc Sulph: may be blood-tinged)",B,,,,,,,,,,,B
Discharge,"Foul, fetid, carrion-like smell",,,,,AB,,,,,,,
Discharge,Acrid / excoriating (burns the skin),,,,,AB,,,AB,,,,
Discharge,Watery exudation that is yellowish,,,,,,,,,,AB,,
Discharge,"No discharge at all (dry, red, hot)",,,AB,,,,,,,,,
Tongue,Clean and red / dark-red swollen,,,AB,,,,,,,,,
Tongue,White or greyish-white coating (not slimy),,,,AB,,,,,,,,
Tongue,"Clean & moist, or frothy bubbles of saliva along the edges",,,,,,,,AB,,,,
Tongue,"Yellow, slimy coating",,,,,,AB,,,,,,
Tongue,"Moist, creamy, golden-yellow coating at the back",,,,,,,,,AB,,,
Tongue,"Dirty brownish-green / greyish-green, bitter taste",,,,,,,,,,AB,,
Tongue,"Brownish, like liquid mustard; dry; offensive breath",,,,,AB,,,,,,,
Tongue,Clean tongue with stomach cramps,,,,,,,AB,,,,,
Tongue,"Clay-coloured, yellow at base, flabby",,,,,,,,,,,,B
Tongue,"Cracked, hardened",AB,,,,,,,,,,,
Tongue,"White-furred, swollen, numb or stiff",,B,,,,,,,,,,
Tongue,Hardened / ulcer / feels like a hair on it,,,,,,,,,,,B,
Tongue,Mapped tongue,,,,B,,,,B,,,,
Pain type,Throbbing / stitching with heat & redness,,,AB,,,,,,,,,
Pain type,"Shooting, lightning-like, boring, cramping, constricting; changes place",,,,,,,AB,,,,,
Pain type,Pain with a paralysed / lame feeling; followed by exhaustion,,,,,AB,,,,,,,
Pain type,"Pain with numbness, coldness or crawling (ants) sensation",,AB,,,,,,,,,,
Pain type,"Shifting, wandering pains",,,,,,B,AB,,,,,
Pain type,"Pain with tears, salivation or vomiting of water",,,,,,,,AB,,,,
Pain type,Pain with vomiting of bile,,,,,,,,,,AB,,
Pain type,Deep pain as if ulcerating; small nodules on scalp,,,,,,,,,,,AB,
Pain type,"Dragging, bearing-down pain (relaxed tissues)",B,,,,,,,,,,,
Worse from,Motion,,B,AB,AB,,,,,,,,
Worse from,Light touch,,,,,,,AB,,,,,
Worse from,"Cold, cold air, draughts, cold washing",,B,,,,,B,,,,B,
Worse from,Warm / heated room,,,,,,AB,,,,,,
Worse from,"Rest, rising from sitting, beginning to move, exertion",,,,,AB,,,,,,,
Worse from,Noise,,,,,B,,,,,,B,
Worse from,Being alone,,,,,B,,,,,,,
Worse from,"Damp, wet weather; living near water / damp houses",B,,,,,,,,,AB,,
Worse from,Getting wet; change of weather,,B,,,,,,,,,,
Worse from,Working / washing in water,,,,,,,,,,B,,B
Worse from,Sea-side; cold weather,,,,,,,,B,,,,
Worse from,Thunderstorm,,,,,,,,,B,,,
Worse from,"Fatty or rich food, pastry",,,,B,,,,,AB,,,
Worse from,Chilled feet / suppressed foot-sweat,,,,,,,,,,,AB,
Worse from,Lying on left side,,,,,,,,,,B,,
Worse from,Consolation,,,,,,,,B,,,,
Better from,Cold applications / cold drinks,,,AB,,,,,,,,,
Better from,"Warmth, heat, hot drinks",,,,,,,AB,,,,B,
Better from,"Pressure, bending double, rubbing",,,,,,,AB,,,,,
Better from,"Cool, open air",,,,,,AB,,,,,,
Better from,Gentle motion; eating; company; pleasant excitement,,,,,AB,,,,,,,
Better from,Lying down,,B,,,,,,,,,,
Better from,Lying on something hard (backache),,,,,,,,B,,,,
Better from,"Warm, dry weather",,,,,,,,,,B,,
Better from,Wrapping up warmly (esp. the head),,,,,,,,,,,B,
Better from,Sleep,,,B,,,,,,,,,
Time & side,Worse in the evening,,,,,,AB,,,B,,,
Time & side,Worse in the morning,,,,,,,,B,,,,
Time & side,Worse at night,,AB,,,,,,,,,B,
Time & side,Comes at set times / periodical,,,,,,,,AB,,,,
Time & side,Right-sided complaints,,,,,,,B,,,,,
Time & side,Worse at full moon,,,,,,,,,,,B,
Mind & mood,"Nervous exhaustion, brain-fag, poor memory",,,,,AB,,,B,,,B,
Mind & mood,"Anxious, fearful, weepy, homesick, suspicious, shy",,,,,AB,,,,,,,
Mind & mood,Depressed; groundless fear of money troubles; indecisive,B,,,,,,,,,,,
Mind & mood,"Peevish, fretful (children); after grief or disappointment",,B,,,,,,,,,,
Mind & mood,Trifles seem like mountains; indifferent,,,B,,,,,,,,,
Mind & mood,Imagines he must starve,,,,B,,,,,,,,
Mind & mood,"Fear of falling; sad, anxious",,,,,,AB,,,,,,
Mind & mood,"Forgetful, dull; complains constantly about the pain",,,,,,,B,,,,,
Mind & mood,"Hopeless, sad, weepy; worse from consolation",,,,,,,,AB,,,,
Mind & mood,Apprehensive; irritable over trifles,,,,,,,,,B,,,
Mind & mood,"Low, irritable from 'biliousness'; worse from sad music",,,,,,,,,,B,,
Mind & mood,"Can't concentrate, tires easily, oversensitive",,,,,,,,,,,B,
Mind & mood,Changeable mood,,,,,B,,,,,,,B
General picture,"Watery, puffy face; tired, sleepy, chilly; craves salt",,,,,,,,AB,,,,
General picture,"Pale, sensitive, irritable, easily exhausted",,,,,AB,,,,,,,
General picture,"Thin, anaemic, slow growth; craves salty/smoked meats",,AB,,,,,,,,,,
General picture,"Flushed, florid face",,,B,,,,,,,,,
General picture,"Lean, nervous, tired, can't sit up; craves sugar",,,,,,,B,,,,,
General picture,Feels the damp; sallow / jaundiced; bilious,,,,,,,,,,AB,,
General picture,"Chilly, poorly nourished, sweaty head, offensive foot-sweat",,,,,,,,,,,AB,
General picture,"Relaxed, sagging tissues",AB,,,,,,,,,,,
General picture,Sour smell / sour symptoms everywhere,,,,,,,,,AB,,,
General picture,Thirst for cold water,,,B,,,,,,,,,
General picture,"Craves fruit, sour green vegetables",,,,,,,,,,,,B
Digestion,Vomits undigested food,,,AB,,,,,,,,,
Digestion,Vomits bile; bitter taste,,,,,,,,,,AB,,
Digestion,Vomits clear water or stringy mucus; water-brash,,,,,,,,AB,,,,
Digestion,Retches up white mucus,,,,AB,,,,,,,,
Digestion,"Sour burps, heartburn, sour or curdled vomit",,,,,,,,,AB,,,
Digestion,"Cramping colic, better with heat & bending double; burping no relief",,,,,,,AB,,,,,
Digestion,Pressure / fullness in stomach with yellow tongue,,,,,,AB,,,,,,
Digestion,Flatulent colic with constipation,,,,,,,,,,AB,,
Digestion,Nervous 'gone' feeling; stomach ache from fright,,,,,B,,,,,,,
Digestion,Stomach pain eased by eating / colic each time child feeds,,B,,,,,,,,,,
Digestion,Indigestion after fatty food,,,,B,,,,,AB,,,
Stool,"Watery, mucous diarrhoea",,,,,,,,AB,,,,
Stool,"Carrion-smelling, putrid",,,,,AB,,,,,,B,
Stool,"Watery-bilious, green",,,,,,,,,,AB,,
Stool,"Bloody-mucous; or pale, clay-coloured",,,,AB,,,,,,,,
Stool,"Sour-smelling, green",,,,,,,,,AB,,,
Stool,Undigested,,,AB,,,,,,,,,
Stool,"Watery, with cramping colic before each stool",,,,,,,AB,,,,,
Stool,Purulent,,,,,,,,,A,,A,B
Stool,"Dry, hard, crumbling constipation",,,,,,,,B,,,,
Stool,Stool slips back after partly expelled,,,,,,,,,,,B,
Stool,"Green, slimy, hot, sputtering; worse fruit",,B,,,,,,,,,,
Skin: blisters,"Clear, watery contents",,,,,,,,AB,,,,
Skin: blisters,Thick white (fibrinous) contents,,,,AB,,,,,,,,
Skin: blisters,Albuminous contents,,A,,,,,,,,,,
Skin: blisters,Honey-yellow contents,,,,,,,,,AB,,,
Skin: blisters,Yellowish-watery contents,,,,,,,,,,AB,,
Skin: blisters,Pus-like contents,,,,,,,,,A,,A,
Skin: blisters,"Bloody, foul contents",,,,,AB,,,,,,,
Skin: crusts,"Mealy, flour-like scurf",,,,AB,,,,,,,,
Skin: crusts,Yellowish-white crusts,,AB,,,,,,,,,,
Skin: crusts,White scales,,,,,,,,AB,,,,
Skin: crusts,Honey-yellow crusts,,,,,,,,,AB,,,
Skin: crusts,Yellowish scales,,,,,,,,,,AB,,
Skin: crusts,"Yellow, purulent crusts",,,,,,,,,,,A,B
Skin: crusts,"Greasy, foul-smelling crusts",,,,,AB,,,,,,,
Skin: crusts,Profuse peeling on a sticky base,,,,,,AB,,,,,,
Skin: crusts,Hard skin on palms with cracks,AB,,,,,,,,,,,
Skin: other,"Cracks, chaps, fissures",AB,,,,,,,,,,,
Skin: other,Itching,,B,,,B,,A,,,,,
Skin: other,Hives / nettle-rash,,,,,A,,,B,,,,
Skin: other,"Boils, abscesses",,,,,,,,,,,AB,B
Skin: other,"Brittle nails, white spots, ingrowing nails",,,,,,,,,,,AB,
Skin: other,Warts,,,,AB,,,,B,,AB,,
Skin: other,Burns that blister,,,,AB,,,,A,,,,
Skin: other,Insect stings,,,,,,,,AB,,,,
Skin: other,Chilblains,,,,B,B,,,,,A,B,B
Skin: other,Hair loss / bald patches,,,,,AB,B,,AB,,,B,
Skin: other,Dandruff,,,,B,,B,B,B,,,,
Bleeding,"Bright red, clots easily",,,AB,,,,,,,,,
Bleeding,"Dark, thick, sticky, clotted",,,,AB,,,,,,,,
Bleeding,"Thin, watery, does not clot",,,,,AB,,,AB,,,,
Bleeding,Nosebleeds in children,,,AB,,,,,,,,,
Fever,Start of any fever; chilly stage; quick pulse,,,AB,,,,,,,,,
Fever,"Exhausted, stuporous fever; dry brown tongue",,,,,AB,,,,,,,
Fever,Drowsy fever with watery vomiting,,,,,,,,AB,,,,
Fever,Recurring (intermittent) fever,,,,,,,,AB,,AB,,
Fever,Temperature rises in the evening; helps sweating,,,,,,B,,,,,,
Fever,Fever while pus is forming (hectic),,,,,,,,,,,B,B
Fever,Influenza,,,,,,,,,,AB,,
Nerves & sleep,"Cramps, spasms, hiccough, writer's cramp",,,,,,,AB,,,,,
Nerves & sleep,Convulsions with fever (teething),,,AB,,,,,,,,,
Nerves & sleep,"Spasms in anaemic, weak children",,AB,,,,,,,,,,
Nerves & sleep,"Weakness, paralysis, nervous collapse",,,,,AB,,,,,,,
Nerves & sleep,"Numbness, pins & needles",,AB,,,,,,B,,,,
Nerves & sleep,Sleepless from worry or excitement,,,,,B,,,,,,,
Nerves & sleep,"Sleepy, unrefreshed on waking",,,,,,,,AB,,,,
Nerves & sleep,Attacks at night,,,,,,,,,,,AB,
Structure,"Slow bone growth, fractures slow to knit, late teeth, open fontanelles",,AB,,,,,,,,,,
Structure,Hard knobby bone growths; stony-hard lumps,AB,,,,,,,,,,,
Structure,"Loose teeth, rough enamel",AB,,,,,,,,,,,
Structure,"Varicose veins, piles, sagging / prolapse",AB,,,,,,,,,,,
Structure,Bone inflammation tending to pus,,,,,,,,,,,AB,
Structure,"Glands swollen, soft",,,,B,,,,,AB,,,
Structure,"Glands swollen, stony hard",AB,,,,,,,,,,,
Structure,Glands suppurating,,,,,,,,,,,AB,B
Structure,Joint / gout pains from uric acid,,,,,,,,,AB,B,AB,
Structure,Fluid in joints / sacs (e.g. knee),,AB,,,,,,A,,,AB,
